{
    "epoch": 3.0,
    "final_eval_loss": 1.6942739486694336,
    "final_eval_ppl": 5.4426928559164205,
    "total_flos": 5.433396992975831e+17,
    "total_tokens": 4444160,
    "total_training_time_min": 266.34,
    "total_training_time_sec": 15980.35,
    "train_loss": 1.6198898921928808,
    "train_runtime": 15961.4959,
    "train_samples_per_second": 2.937,
    "train_steps_per_second": 0.184
}