{
    "epoch": 5.0,
    "final_eval_loss": 1.959402084350586,
    "final_eval_ppl": 7.095083535166984,
    "total_flos": 1.0247673118143283e+18,
    "total_tokens": 4444160,
    "total_training_time_min": 36.65,
    "total_training_time_sec": 2199.02,
    "train_loss": 0.013771583187177456,
    "train_runtime": 2170.946,
    "train_samples_per_second": 35.984,
    "train_steps_per_second": 2.25
}