{
  "E3_s42__VS__E3_s123": {
    "pair": [
      "E3_s42",
      "E3_s123"
    ],
    "description": "KY baseline, cross-seed",
    "n_modules": 294,
    "mean": 0.04259965110001015,
    "median": 0.026549416971997482,
    "min": 0.006333128788808351,
    "max": 0.35946711952422067,
    "std": 0.0464573020534077,
    "frac_gt_0.5": 0.0,
    "frac_gt_0.9": 0.0
  },
  "E5_s42__VS__E5_s123": {
    "pair": [
      "E5_s42",
      "E5_s123"
    ],
    "description": "KY r=64 collapse, cross-seed",
    "n_modules": 294,
    "mean": 0.021553538575347957,
    "median": 0.01462814703387942,
    "min": 0.0021155844815278616,
    "max": 0.24752980555878248,
    "std": 0.02732823610200044,
    "frac_gt_0.5": 0.0,
    "frac_gt_0.9": 0.0
  },
  "E5b_s42__VS__E5b_s123": {
    "pair": [
      "E5b_s42",
      "E5b_s123"
    ],
    "description": "KY r=64 healthy 5ep, cross-seed",
    "n_modules": 294,
    "mean": 0.02976016300679366,
    "median": 0.019359144228099277,
    "min": 0.004637060753589282,
    "max": 0.2921679530830426,
    "std": 0.03361928778328705,
    "frac_gt_0.5": 0.0,
    "frac_gt_0.9": 0.0
  },
  "E5c_s42__VS__E5c_s123": {
    "pair": [
      "E5c_s42",
      "E5c_s123"
    ],
    "description": "KY r=64 healthy 3ep, cross-seed",
    "n_modules": 294,
    "mean": 0.03294499183331118,
    "median": 0.019753026806694666,
    "min": 0.00576688424168574,
    "max": 0.3288248532725217,
    "std": 0.037731282726070035,
    "frac_gt_0.5": 0.0,
    "frac_gt_0.9": 0.0
  },
  "E8_s42__VS__E8_s123": {
    "pair": [
      "E8_s42",
      "E8_s123"
    ],
    "description": "EN baseline, cross-seed",
    "n_modules": 294,
    "mean": 0.015628670893826645,
    "median": 0.008981121984513918,
    "min": 0.0021752812440635396,
    "max": 0.19711933996338216,
    "std": 0.022052192246996952,
    "frac_gt_0.5": 0.0,
    "frac_gt_0.9": 0.0
  },
  "E1b_s42__VS__E1b_s123": {
    "pair": [
      "E1b_s42",
      "E1b_s123"
    ],
    "description": "KZ small-corpus, cross-seed",
    "n_modules": 294,
    "mean": 0.03194178770951753,
    "median": 0.020339343204309517,
    "min": 0.0030421190939806304,
    "max": 0.33762189191927033,
    "std": 0.04007553613558734,
    "frac_gt_0.5": 0.0,
    "frac_gt_0.9": 0.0
  },
  "E6_s42__VS__E6_s123": {
    "pair": [
      "E6_s42",
      "E6_s123"
    ],
    "description": "KZ->KY transfer, cross-seed",
    "n_modules": 294,
    "mean": 0.7790509887799649,
    "median": 0.7700450885279642,
    "min": 0.6819409281908814,
    "max": 0.9176594927028019,
    "std": 0.053338125707549595,
    "frac_gt_0.5": 1.0,
    "frac_gt_0.9": 0.003401360544217687
  },
  "E6b_s42__VS__E6b_s123": {
    "pair": [
      "E6b_s42",
      "E6b_s123"
    ],
    "description": "EN->KY transfer, cross-seed",
    "n_modules": 294,
    "mean": 0.3438679181387589,
    "median": 0.32358351646713035,
    "min": 0.1309302252498485,
    "max": 0.7900707359115116,
    "std": 0.13154964782940715,
    "frac_gt_0.5": 0.12585034013605442,
    "frac_gt_0.9": 0.0
  },
  "E5_s42__VS__E5c_s42": {
    "pair": [
      "E5_s42",
      "E5c_s42"
    ],
    "description": "r=64 collapse vs healthy 3ep",
    "n_modules": 294,
    "mean": 0.009839608038397086,
    "median": 0.005470195289059541,
    "min": 0.0010647309634898901,
    "max": 0.10726375040291217,
    "std": 0.013261668712239575,
    "frac_gt_0.5": 0.0,
    "frac_gt_0.9": 0.0
  },
  "E5_s42__VS__E5b_s42": {
    "pair": [
      "E5_s42",
      "E5b_s42"
    ],
    "description": "r=64 collapse vs healthy 5ep",
    "n_modules": 294,
    "mean": 0.009550261822609152,
    "median": 0.005496561250248808,
    "min": 0.000617270815025319,
    "max": 0.11760234727928796,
    "std": 0.01347685609051682,
    "frac_gt_0.5": 0.0,
    "frac_gt_0.9": 0.0
  },
  "E5b_s42__VS__E5c_s42": {
    "pair": [
      "E5b_s42",
      "E5c_s42"
    ],
    "description": "r=64 healthy 5ep vs healthy 3ep",
    "n_modules": 294,
    "mean": 0.0484583296590726,
    "median": 0.031789110237410045,
    "min": 0.011337869358912293,
    "max": 0.3862298729687864,
    "std": 0.04558505553072122,
    "frac_gt_0.5": 0.0,
    "frac_gt_0.9": 0.0
  }
}