{
    "epoch": 5.0,
    "final_eval_loss": 1.9642449617385864,
    "final_eval_ppl": 7.129527491394663,
    "total_flos": 1.0247673118143283e+18,
    "total_tokens": 4444160,
    "total_training_time_min": 604.58,
    "total_training_time_sec": 36274.95,
    "train_loss": 1.2778061045838964,
    "train_runtime": 36249.3643,
    "train_samples_per_second": 2.155,
    "train_steps_per_second": 0.135
}