{
    "epoch": 3.0,
    "final_eval_loss": 2.0209269523620605,
    "final_eval_ppl": 7.5453158413838,
    "total_flos": 1.7258123690406144e+18,
    "total_tokens": 12714132,
    "total_training_time_min": 1367.2,
    "total_training_time_sec": 82031.77,
    "train_loss": 1.8073550653095543,
    "train_runtime": 81923.3105,
    "train_samples_per_second": 1.723,
    "train_steps_per_second": 0.108
}