{
    "epoch": 3.0,
    "final_eval_loss": 1.9214248657226562,
    "final_eval_ppl": 6.830684346598413,
    "total_flos": 6.031932354660925e+17,
    "total_tokens": 4444160,
    "total_training_time_min": 357.9,
    "total_training_time_sec": 21473.74,
    "train_loss": 1.7959717267692719,
    "train_runtime": 21369.2125,
    "train_samples_per_second": 2.193,
    "train_steps_per_second": 0.137
}